<?xml version="1.0" encoding="UTF-8"?>
<project-private xmlns="http://www.netbeans.org/ns/project-private/1">
    <editor-bookmarks xmlns="http://www.netbeans.org/ns/editor-bookmarks/2" lastBookmarkId="0"/>
    <open-files xmlns="http://www.netbeans.org/ns/projectui-open-files/2">
        <group>
            <file>file:/C:/Users/ASUS/Documents/NetBeansProjects/MyBlackJack/src/GerenciadorCartas/GerenciarJogo.java</file>
            <file>file:/C:/Users/ASUS/Documents/NetBeansProjects/MyBlackJack/src/GerenciadorCartas/Jogador.java</file>
            <file>file:/C:/Users/ASUS/Documents/NetBeansProjects/MyBlackJack/src/GerenciadorCartas/TelaJogador1.java</file>
            <file>file:/C:/Users/ASUS/Documents/NetBeansProjects/MyBlackJack/src/GerenciadorCartas/GerenciarPartidas.java</file>
            <file>file:/C:/Users/ASUS/Documents/NetBeansProjects/MyBlackJack/src/GerenciadorCartas/Baralho.java</file>
            <file>file:/C:/Users/ASUS/Documents/NetBeansProjects/MyBlackJack/src/GerenciadorCartas/Naipe.java</file>
            <file>file:/C:/Users/ASUS/Documents/NetBeansProjects/MyBlackJack/src/GerenciadorCartas/TelaPrincipal.java</file>
            <file>file:/C:/Users/ASUS/Documents/NetBeansProjects/MyBlackJack/src/GerenciadorCartas/Partida.java</file>
            <file>file:/C:/Users/ASUS/Documents/NetBeansProjects/MyBlackJack/src/GerenciadorCartas/Carta.java</file>
        </group>
    </open-files>
</project-private>
